,name,constraint,owner
0,Background_Loose_LOW_bin_1-1,flatParam,Background_Loose
1,Background_Loose_LOW_bin_1-2,flatParam,Background_Loose
2,Background_Loose_LOW_bin_1-3,flatParam,Background_Loose
3,Background_Loose_LOW_bin_1-4,flatParam,Background_Loose
4,Background_Loose_LOW_bin_1-5,flatParam,Background_Loose
5,Background_Loose_LOW_bin_1-6,flatParam,Background_Loose
6,Background_Loose_LOW_bin_1-7,flatParam,Background_Loose
7,Background_Loose_SIG_bin_1-1,flatParam,Background_Loose
8,Background_Loose_SIG_bin_2-1,flatParam,Background_Loose
9,Background_Loose_SIG_bin_3-1,flatParam,Background_Loose
10,Background_Loose_SIG_bin_4-1,flatParam,Background_Loose
11,Background_Loose_SIG_bin_5-1,flatParam,Background_Loose
12,Background_Loose_SIG_bin_1-2,flatParam,Background_Loose
13,Background_Loose_SIG_bin_2-2,flatParam,Background_Loose
14,Background_Loose_SIG_bin_3-2,flatParam,Background_Loose
15,Background_Loose_SIG_bin_4-2,flatParam,Background_Loose
16,Background_Loose_SIG_bin_5-2,flatParam,Background_Loose
17,Background_Loose_SIG_bin_1-3,flatParam,Background_Loose
18,Background_Loose_SIG_bin_2-3,flatParam,Background_Loose
19,Background_Loose_SIG_bin_3-3,flatParam,Background_Loose
20,Background_Loose_SIG_bin_4-3,flatParam,Background_Loose
21,Background_Loose_SIG_bin_5-3,flatParam,Background_Loose
22,Background_Loose_SIG_bin_1-4,flatParam,Background_Loose
23,Background_Loose_SIG_bin_2-4,flatParam,Background_Loose
24,Background_Loose_SIG_bin_3-4,flatParam,Background_Loose
25,Background_Loose_SIG_bin_4-4,flatParam,Background_Loose
26,Background_Loose_SIG_bin_5-4,flatParam,Background_Loose
27,Background_Loose_SIG_bin_1-5,flatParam,Background_Loose
28,Background_Loose_SIG_bin_2-5,flatParam,Background_Loose
29,Background_Loose_SIG_bin_3-5,flatParam,Background_Loose
30,Background_Loose_SIG_bin_4-5,flatParam,Background_Loose
31,Background_Loose_SIG_bin_5-5,flatParam,Background_Loose
32,Background_Loose_SIG_bin_1-6,flatParam,Background_Loose
33,Background_Loose_SIG_bin_2-6,flatParam,Background_Loose
34,Background_Loose_SIG_bin_3-6,flatParam,Background_Loose
35,Background_Loose_SIG_bin_4-6,flatParam,Background_Loose
36,Background_Loose_SIG_bin_5-6,flatParam,Background_Loose
37,Background_Loose_SIG_bin_1-7,flatParam,Background_Loose
38,Background_Loose_SIG_bin_2-7,flatParam,Background_Loose
39,Background_Loose_SIG_bin_3-7,flatParam,Background_Loose
40,Background_Loose_SIG_bin_4-7,flatParam,Background_Loose
41,Background_Loose_SIG_bin_5-7,flatParam,Background_Loose
42,Background_Loose_HIGH_bin_1-1,flatParam,Background_Loose
43,Background_Loose_HIGH_bin_2-1,flatParam,Background_Loose
44,Background_Loose_HIGH_bin_3-1,flatParam,Background_Loose
45,Background_Loose_HIGH_bin_4-1,flatParam,Background_Loose
46,Background_Loose_HIGH_bin_5-1,flatParam,Background_Loose
47,Background_Loose_HIGH_bin_6-1,flatParam,Background_Loose
48,Background_Loose_HIGH_bin_1-2,flatParam,Background_Loose
49,Background_Loose_HIGH_bin_2-2,flatParam,Background_Loose
50,Background_Loose_HIGH_bin_3-2,flatParam,Background_Loose
51,Background_Loose_HIGH_bin_4-2,flatParam,Background_Loose
52,Background_Loose_HIGH_bin_5-2,flatParam,Background_Loose
53,Background_Loose_HIGH_bin_6-2,flatParam,Background_Loose
54,Background_Loose_HIGH_bin_1-3,flatParam,Background_Loose
55,Background_Loose_HIGH_bin_2-3,flatParam,Background_Loose
56,Background_Loose_HIGH_bin_3-3,flatParam,Background_Loose
57,Background_Loose_HIGH_bin_4-3,flatParam,Background_Loose
58,Background_Loose_HIGH_bin_5-3,flatParam,Background_Loose
59,Background_Loose_HIGH_bin_6-3,flatParam,Background_Loose
60,Background_Loose_HIGH_bin_1-4,flatParam,Background_Loose
61,Background_Loose_HIGH_bin_2-4,flatParam,Background_Loose
62,Background_Loose_HIGH_bin_3-4,flatParam,Background_Loose
63,Background_Loose_HIGH_bin_4-4,flatParam,Background_Loose
64,Background_Loose_HIGH_bin_5-4,flatParam,Background_Loose
65,Background_Loose_HIGH_bin_6-4,flatParam,Background_Loose
66,Background_Loose_HIGH_bin_1-5,flatParam,Background_Loose
67,Background_Loose_HIGH_bin_2-5,flatParam,Background_Loose
68,Background_Loose_HIGH_bin_3-5,flatParam,Background_Loose
69,Background_Loose_HIGH_bin_4-5,flatParam,Background_Loose
70,Background_Loose_HIGH_bin_5-5,flatParam,Background_Loose
71,Background_Loose_HIGH_bin_6-5,flatParam,Background_Loose
72,Background_Loose_HIGH_bin_1-6,flatParam,Background_Loose
73,Background_Loose_HIGH_bin_2-6,flatParam,Background_Loose
74,Background_Loose_HIGH_bin_3-6,flatParam,Background_Loose
75,Background_Loose_HIGH_bin_4-6,flatParam,Background_Loose
76,Background_Loose_HIGH_bin_5-6,flatParam,Background_Loose
77,Background_Loose_HIGH_bin_6-6,flatParam,Background_Loose
78,Background_Loose_HIGH_bin_1-7,flatParam,Background_Loose
79,Background_Loose_HIGH_bin_2-7,flatParam,Background_Loose
80,Background_Loose_HIGH_bin_3-7,flatParam,Background_Loose
81,Background_Loose_HIGH_bin_4-7,flatParam,Background_Loose
82,Background_Loose_HIGH_bin_5-7,flatParam,Background_Loose
83,Background_Loose_HIGH_bin_6-7,flatParam,Background_Loose
348,Background_Loose_LOW_bin_1-1,flatParam,Background_2x1_Pass
349,Background_Loose_LOW_bin_1-2,flatParam,Background_2x1_Pass
350,Background_Loose_LOW_bin_1-3,flatParam,Background_2x1_Pass
351,Background_Loose_LOW_bin_1-4,flatParam,Background_2x1_Pass
352,Background_Loose_LOW_bin_1-5,flatParam,Background_2x1_Pass
353,Background_Loose_LOW_bin_1-6,flatParam,Background_2x1_Pass
354,Background_Loose_LOW_bin_1-7,flatParam,Background_2x1_Pass
355,Background_Loose_SIG_bin_1-1,flatParam,Background_2x1_Pass
356,Background_Loose_SIG_bin_2-1,flatParam,Background_2x1_Pass
357,Background_Loose_SIG_bin_3-1,flatParam,Background_2x1_Pass
358,Background_Loose_SIG_bin_4-1,flatParam,Background_2x1_Pass
359,Background_Loose_SIG_bin_5-1,flatParam,Background_2x1_Pass
360,Background_Loose_SIG_bin_1-2,flatParam,Background_2x1_Pass
361,Background_Loose_SIG_bin_2-2,flatParam,Background_2x1_Pass
362,Background_Loose_SIG_bin_3-2,flatParam,Background_2x1_Pass
363,Background_Loose_SIG_bin_4-2,flatParam,Background_2x1_Pass
364,Background_Loose_SIG_bin_5-2,flatParam,Background_2x1_Pass
365,Background_Loose_SIG_bin_1-3,flatParam,Background_2x1_Pass
366,Background_Loose_SIG_bin_2-3,flatParam,Background_2x1_Pass
367,Background_Loose_SIG_bin_3-3,flatParam,Background_2x1_Pass
368,Background_Loose_SIG_bin_4-3,flatParam,Background_2x1_Pass
369,Background_Loose_SIG_bin_5-3,flatParam,Background_2x1_Pass
370,Background_Loose_SIG_bin_1-4,flatParam,Background_2x1_Pass
371,Background_Loose_SIG_bin_2-4,flatParam,Background_2x1_Pass
372,Background_Loose_SIG_bin_3-4,flatParam,Background_2x1_Pass
373,Background_Loose_SIG_bin_4-4,flatParam,Background_2x1_Pass
374,Background_Loose_SIG_bin_5-4,flatParam,Background_2x1_Pass
375,Background_Loose_SIG_bin_1-5,flatParam,Background_2x1_Pass
376,Background_Loose_SIG_bin_2-5,flatParam,Background_2x1_Pass
377,Background_Loose_SIG_bin_3-5,flatParam,Background_2x1_Pass
378,Background_Loose_SIG_bin_4-5,flatParam,Background_2x1_Pass
379,Background_Loose_SIG_bin_5-5,flatParam,Background_2x1_Pass
380,Background_Loose_SIG_bin_1-6,flatParam,Background_2x1_Pass
381,Background_Loose_SIG_bin_2-6,flatParam,Background_2x1_Pass
382,Background_Loose_SIG_bin_3-6,flatParam,Background_2x1_Pass
383,Background_Loose_SIG_bin_4-6,flatParam,Background_2x1_Pass
384,Background_Loose_SIG_bin_5-6,flatParam,Background_2x1_Pass
385,Background_Loose_SIG_bin_1-7,flatParam,Background_2x1_Pass
386,Background_Loose_SIG_bin_2-7,flatParam,Background_2x1_Pass
387,Background_Loose_SIG_bin_3-7,flatParam,Background_2x1_Pass
388,Background_Loose_SIG_bin_4-7,flatParam,Background_2x1_Pass
389,Background_Loose_SIG_bin_5-7,flatParam,Background_2x1_Pass
390,Background_Loose_HIGH_bin_1-1,flatParam,Background_2x1_Pass
391,Background_Loose_HIGH_bin_2-1,flatParam,Background_2x1_Pass
392,Background_Loose_HIGH_bin_3-1,flatParam,Background_2x1_Pass
393,Background_Loose_HIGH_bin_4-1,flatParam,Background_2x1_Pass
394,Background_Loose_HIGH_bin_5-1,flatParam,Background_2x1_Pass
395,Background_Loose_HIGH_bin_6-1,flatParam,Background_2x1_Pass
396,Background_Loose_HIGH_bin_1-2,flatParam,Background_2x1_Pass
397,Background_Loose_HIGH_bin_2-2,flatParam,Background_2x1_Pass
398,Background_Loose_HIGH_bin_3-2,flatParam,Background_2x1_Pass
399,Background_Loose_HIGH_bin_4-2,flatParam,Background_2x1_Pass
400,Background_Loose_HIGH_bin_5-2,flatParam,Background_2x1_Pass
401,Background_Loose_HIGH_bin_6-2,flatParam,Background_2x1_Pass
402,Background_Loose_HIGH_bin_1-3,flatParam,Background_2x1_Pass
403,Background_Loose_HIGH_bin_2-3,flatParam,Background_2x1_Pass
404,Background_Loose_HIGH_bin_3-3,flatParam,Background_2x1_Pass
405,Background_Loose_HIGH_bin_4-3,flatParam,Background_2x1_Pass
406,Background_Loose_HIGH_bin_5-3,flatParam,Background_2x1_Pass
407,Background_Loose_HIGH_bin_6-3,flatParam,Background_2x1_Pass
408,Background_Loose_HIGH_bin_1-4,flatParam,Background_2x1_Pass
409,Background_Loose_HIGH_bin_2-4,flatParam,Background_2x1_Pass
410,Background_Loose_HIGH_bin_3-4,flatParam,Background_2x1_Pass
411,Background_Loose_HIGH_bin_4-4,flatParam,Background_2x1_Pass
412,Background_Loose_HIGH_bin_5-4,flatParam,Background_2x1_Pass
413,Background_Loose_HIGH_bin_6-4,flatParam,Background_2x1_Pass
414,Background_Loose_HIGH_bin_1-5,flatParam,Background_2x1_Pass
415,Background_Loose_HIGH_bin_2-5,flatParam,Background_2x1_Pass
416,Background_Loose_HIGH_bin_3-5,flatParam,Background_2x1_Pass
417,Background_Loose_HIGH_bin_4-5,flatParam,Background_2x1_Pass
418,Background_Loose_HIGH_bin_5-5,flatParam,Background_2x1_Pass
419,Background_Loose_HIGH_bin_6-5,flatParam,Background_2x1_Pass
420,Background_Loose_HIGH_bin_1-6,flatParam,Background_2x1_Pass
421,Background_Loose_HIGH_bin_2-6,flatParam,Background_2x1_Pass
422,Background_Loose_HIGH_bin_3-6,flatParam,Background_2x1_Pass
423,Background_Loose_HIGH_bin_4-6,flatParam,Background_2x1_Pass
424,Background_Loose_HIGH_bin_5-6,flatParam,Background_2x1_Pass
425,Background_Loose_HIGH_bin_6-6,flatParam,Background_2x1_Pass
426,Background_Loose_HIGH_bin_1-7,flatParam,Background_2x1_Pass
427,Background_Loose_HIGH_bin_2-7,flatParam,Background_2x1_Pass
428,Background_Loose_HIGH_bin_3-7,flatParam,Background_2x1_Pass
429,Background_Loose_HIGH_bin_4-7,flatParam,Background_2x1_Pass
430,Background_Loose_HIGH_bin_5-7,flatParam,Background_2x1_Pass
431,Background_Loose_HIGH_bin_6-7,flatParam,Background_2x1_Pass
432,Background_rpf_2x1_par0,flatParam,Background_2x1_Pass
433,Background_rpf_2x1_par1,flatParam,Background_2x1_Pass
434,Background_rpf_2x1_par2,flatParam,Background_2x1_Pass
435,Background_rpf_2x1_par3,flatParam,Background_2x1_Pass
436,Background_rpf_2x1_par4,flatParam,Background_2x1_Pass
